<edge>
<id>edge-16</id>
<version>16</version>
<status>deployed</status>
<datacenterMoid>datacenter-2</datacenterMoid>
<datacenterName>Home Lab</datacenterName>
<tenant>default</tenant>
<name>POD01-PROD-ESG</name>
<fqdn>POD01-PROD-ESG</fqdn>
<enableAesni>true</enableAesni>
<enableFips>false</enableFips>
<vseLogLevel>emergency</vseLogLevel>
 <vnics>
 <vnic>
<label>vNic_0</label>
<name>Internal-Transit</name>
<addressGroups>
 <addressGroup>
<primaryAddress>192.168.99.1</primaryAddress>
<subnetMask>255.255.255.0</subnetMask>
<subnetPrefixLength>24</subnetPrefixLength>
 </addressGroup>
</addressGroups>
<mtu>1500</mtu>
<type>internal</type>
<isConnected>true</isConnected>
<index>0</index>
<portgroupId>virtualwire-22</portgroupId>
<portgroupName>POD01-PROD-TRANSIT</portgroupName>
<enableProxyArp>false</enableProxyArp>
<enableSendRedirects>false</enableSendRedirects>
 </vnic>
 <vnic>
<label>vNic_1</label>
<name>Uplink-Edge</name>
<addressGroups>
 <addressGroup>
<primaryAddress>172.16.20.254</primaryAddress>
<subnetMask>255.255.255.0</subnetMask>
<subnetPrefixLength>24</subnetPrefixLength>
 </addressGroup>
</addressGroups>
<mtu>1500</mtu>
<type>uplink</type>
<isConnected>true</isConnected>
<index>1</index>
<portgroupId>dvportgroup-6720</portgroupId>
<portgroupName>VLAN20-Lab</portgroupName>
<enableProxyArp>false</enableProxyArp>
<enableSendRedirects>true</enableSendRedirects>
 </vnic>
 <vnic>
<label>vNic_2</label>
<name>vnic2</name>
<addressGroups />
<mtu>1500</mtu>
<type>internal</type>
<isConnected>false</isConnected>
<index>2</index>
<enableProxyArp>false</enableProxyArp>
<enableSendRedirects>true</enableSendRedirects>
 </vnic>
 <vnic>
<label>vNic_3</label>
<name>vnic3</name>
<addressGroups />
<mtu>1500</mtu>
<type>internal</type>
<isConnected>false</isConnected>
<index>3</index>
<enableProxyArp>false</enableProxyArp>
<enableSendRedirects>true</enableSendRedirects>
 </vnic>
 <vnic>
<label>vNic_4</label>
<name>vnic4</name>
<addressGroups />
<mtu>1500</mtu>
<type>internal</type>
<isConnected>false</isConnected>
<index>4</index>
<enableProxyArp>false</enableProxyArp>
<enableSendRedirects>true</enableSendRedirects>
 </vnic>
 <vnic>
<label>vNic_5</label>
<name>vnic5</name>
<addressGroups />
<mtu>1500</mtu>
<type>internal</type>
<isConnected>false</isConnected>
<index>5</index>
<enableProxyArp>false</enableProxyArp>
<enableSendRedirects>true</enableSendRedirects>
 </vnic>
 <vnic>
<label>vNic_6</label>
<name>vnic6</name>
<addressGroups />
<mtu>1500</mtu>
<type>internal</type>
<isConnected>false</isConnected>
<index>6</index>
<enableProxyArp>false</enableProxyArp>
<enableSendRedirects>true</enableSendRedirects>
 </vnic>
 <vnic>
<label>vNic_7</label>
<name>vnic7</name>
<addressGroups />
<mtu>1500</mtu>
<type>internal</type>
<isConnected>false</isConnected>
<index>7</index>
<enableProxyArp>false</enableProxyArp>
<enableSendRedirects>true</enableSendRedirects>
 </vnic>
 <vnic>
<label>vNic_8</label>
<name>vnic8</name>
<addressGroups />
<mtu>1500</mtu>
<type>internal</type>
<isConnected>false</isConnected>
<index>8</index>
<enableProxyArp>false</enableProxyArp>
<enableSendRedirects>true</enableSendRedirects>
 </vnic>
 <vnic>
<label>vNic_9</label>
<name>vnic9</name>
<addressGroups />
<mtu>1500</mtu>
<type>internal</type>
<isConnected>false</isConnected>
<index>9</index>
<enableProxyArp>false</enableProxyArp>
<enableSendRedirects>true</enableSendRedirects>
 </vnic>
 </vnics>
 <appliances>
<applianceSize>compact</applianceSize>
 <appliance>
<highAvailabilityIndex>0</highAvailabilityIndex>
<vcUuid>5038b7b6-12cf-baca-175d-0663b4db55f8</vcUuid>
<vmId>vm-7377</vmId>
<resourcePoolId>domain-c9</resourcePoolId>
<resourcePoolName>Lab</resourcePoolName>
<datastoreId>datastore-6716</datastoreId>
<datastoreName>NAS2-Lab</datastoreName>
<hostId>host-6764</hostId>
<hostName>esx2.glacier.local</hostName>
<vmFolderId>group-v6523</vmFolderId>
<vmFolderName>NSX</vmFolderName>
<vmHostname>POD01-PROD-ESG-0</vmHostname>
<vmName>POD01-PROD-ESG-0</vmName>
<deployed>true</deployed>
<edgeId>edge-16</edgeId>
 </appliance>
<deployAppliances>true</deployAppliances>
 </appliances>
 <cliSettings>
<remoteAccess>true</remoteAccess>
<userName>admin</userName>
<sshLoginBannerText>*************************************************************************** NOTICE TO USERS This computer system is the private property of its owner, whether individual, corporate or government. It is for authorized use only. Users (authorized or unauthorized) have no explicit or implicit expectation of privacy. Any or all uses of this system and all files on this system may be intercepted, monitored, recorded, copied, audited, inspected, and disclosed to your employer, to authorized site, government, and law enforcement personnel, as well as authorized officials of government agencies, both domestic and foreign. By using this system, the user consents to such interception, monitoring, recording, copying, auditing, inspection, and disclosure at the discretion of such personnel or officials. Unauthorized or improper use of this system may result in civil and criminal penalties and administrative or disciplinary action, as appropriate. By continuing to use this system you indicate your awareness of and consent to these terms and conditions of use. LOG OFF IMMEDIATELY if you do not agree to the conditions stated in this warning. ****************************************************************************</sshLoginBannerText>
<passwordExpiry>99999</passwordExpiry>
 </cliSettings>
 <features>
 <l2Vpn>
<version>4</version>
<enabled>false</enabled>
 <logging>
<enable>false</enable>
<logLevel>info</logLevel>
 </logging>
 </l2Vpn>
<featureConfig />
 <firewall>
<version>4</version>
<enabled>false</enabled>
 <globalConfig>
<tcpPickOngoingConnections>false</tcpPickOngoingConnections>
<tcpAllowOutOfWindowPackets>false</tcpAllowOutOfWindowPackets>
<tcpSendResetForClosedVsePorts>true</tcpSendResetForClosedVsePorts>
<dropInvalidTraffic>true</dropInvalidTraffic>
<logInvalidTraffic>false</logInvalidTraffic>
<tcpTimeoutOpen>30</tcpTimeoutOpen>
<tcpTimeoutEstablished>3600</tcpTimeoutEstablished>
<tcpTimeoutClose>30</tcpTimeoutClose>
<udpTimeout>60</udpTimeout>
<icmpTimeout>10</icmpTimeout>
<icmp6Timeout>10</icmp6Timeout>
<ipGenericTimeout>120</ipGenericTimeout>
 </globalConfig>
 <defaultPolicy>
<action>deny</action>
<loggingEnabled>false</loggingEnabled>
 </defaultPolicy>
 <firewallRules>
 <firewallRule>
<id>131076</id>
<ruleTag>131076</ruleTag>
<name>routing</name>
<ruleType>internal_high</ruleType>
<enabled>true</enabled>
<loggingEnabled>false</loggingEnabled>
<description>routing</description>
<action>accept</action>
<application>
 <service>
<protocol>ospf</protocol>
<port>any</port>
<sourcePort>any</sourcePort>
 </service>
</application>
 </firewallRule>
 <firewallRule>
<id>131075</id>
<ruleTag>131075</ruleTag>
<name>ICMP</name>
<ruleType>user</ruleType>
<enabled>true</enabled>
<loggingEnabled>false</loggingEnabled>
<description />
<matchTranslated>false</matchTranslated>
<action>accept</action>
<application>
 <service>
<protocol>icmp</protocol>
<icmpType>any</icmpType>
 </service>
</application>
 </firewallRule>
 <firewallRule>
<id>131073</id>
<ruleTag>131073</ruleTag>
<name>default rule for ingress traffic</name>
<ruleType>default_policy</ruleType>
<enabled>true</enabled>
<loggingEnabled>false</loggingEnabled>
<description>default rule for ingress traffic</description>
<action>deny</action>
 </firewallRule>
 </firewallRules>
 </firewall>
 <sslvpnConfig>
<version>4</version>
<enabled>false</enabled>
 <logging>
<enable>false</enable>
<logLevel>info</logLevel>
 </logging>
 <advancedConfig>
<enableCompression>false</enableCompression>
<forceVirtualKeyboard>false</forceVirtualKeyboard>
<randomizeVirtualkeys>false</randomizeVirtualkeys>
<preventMultipleLogon>false</preventMultipleLogon>
<clientNotification />
<enablePublicUrlAccess>false</enablePublicUrlAccess>
 <timeout>
<forcedTimeout>0</forcedTimeout>
<sessionIdleTimeout>10</sessionIdleTimeout>
 </timeout>
 </advancedConfig>
 <clientConfiguration>
<autoReconnect>true</autoReconnect>
<upgradeNotification>false</upgradeNotification>
 </clientConfiguration>
 <layoutConfiguration>
<portalTitle>VMware</portalTitle>
<companyName>VMware</companyName>
<logoExtention>jpg</logoExtention>
<logoUri>/api/4.0/edges/edge-16/sslvpn/config/layout/images/portallogo</logoUri>
<logoBackgroundColor>FFFFFF</logoBackgroundColor>
<titleColor>996600</titleColor>
<topFrameColor>000000</topFrameColor>
<menuBarColor>999999</menuBarColor>
<rowAlternativeColor>FFFFFF</rowAlternativeColor>
<bodyColor>FFFFFF</bodyColor>
<rowColor>F5F5F5</rowColor>
 </layoutConfiguration>
<authenticationConfiguration>
 <passwordAuthentication>
<authenticationTimeout>1</authenticationTimeout>
<primaryAuthServers />
<secondaryAuthServer />
 </passwordAuthentication>
</authenticationConfiguration>
 </sslvpnConfig>
 <dns>
<version>4</version>
<enabled>false</enabled>
<cacheSize>16</cacheSize>
<listeners>
<vnic>any</vnic>
</listeners>
<dnsViews>
 <dnsView>
<viewId>view-0</viewId>
<name>vsm-default-view</name>
<enabled>true</enabled>
 <viewMatch>
<ipAddress>any</ipAddress>
<vnic>any</vnic>
 </viewMatch>
<recursion>false</recursion>
 </dnsView>
</dnsViews>
 <logging>
<enable>false</enable>
<logLevel>info</logLevel>
 </logging>
 </dns>
 <routing>
<version>6</version>
<enabled>true</enabled>
 <routingGlobalConfig>
<routerId>172.16.20.254</routerId>
<ecmp>false</ecmp>
 <logging>
<enable>true</enable>
<logLevel>warning</logLevel>
 </logging>
 </routingGlobalConfig>
 <staticRouting>
 <defaultRoute>
<vnic>1</vnic>
<mtu>1500</mtu>
<description />
<gatewayAddress>172.16.20.1</gatewayAddress>
 </defaultRoute>
<staticRoutes />
 </staticRouting>
 <ospf>
<enabled>true</enabled>
 <ospfAreas>
 <ospfArea>
<areaId>51</areaId>
<type>normal</type>
<authentication>
<type>none</type>
</authentication>
 </ospfArea>
 <ospfArea>
<areaId>0</areaId>
<type>normal</type>
<authentication>
<type>none</type>
</authentication>
 </ospfArea>
 </ospfAreas>
<ospfInterfaces>
 <ospfInterface>
<vnic>0</vnic>
<areaId>51</areaId>
<helloInterval>10</helloInterval>
<deadInterval>40</deadInterval>
<priority>128</priority>
<cost>1</cost>
<mtuIgnore>false</mtuIgnore>
 </ospfInterface>
</ospfInterfaces>
 <redistribution>
<enabled>false</enabled>
<rules />
 </redistribution>
<gracefulRestart>true</gracefulRestart>
<defaultOriginate>false</defaultOriginate>
 </ospf>
 </routing>
 <highAvailability>
<version>4</version>
<enabled>false</enabled>
<declareDeadTime>15</declareDeadTime>
 <logging>
<enable>false</enable>
<logLevel>info</logLevel>
 </logging>
<security>
<enabled>false</enabled>
</security>
 </highAvailability>
 <syslog>
<version>1</version>
<enabled>false</enabled>
 </syslog>
<featureConfig />
 <loadBalancer>
<version>1</version>
<enabled>false</enabled>
<enableServiceInsertion>false</enableServiceInsertion>
<accelerationEnabled>false</accelerationEnabled>
 <monitor>
<monitorId>monitor-1</monitorId>
<type>tcp</type>
<interval>5</interval>
<timeout>15</timeout>
<maxRetries>3</maxRetries>
<name>default_tcp_monitor</name>
 </monitor>
 <monitor>
<monitorId>monitor-2</monitorId>
<type>http</type>
<interval>5</interval>
<timeout>15</timeout>
<maxRetries>3</maxRetries>
<method>GET</method>
<url>/</url>
<name>default_http_monitor</name>
 </monitor>
 <monitor>
<monitorId>monitor-3</monitorId>
<type>https</type>
<interval>5</interval>
<timeout>15</timeout>
<maxRetries>3</maxRetries>
<method>GET</method>
<url>/</url>
<name>default_https_monitor</name>
 </monitor>
 <logging>
<enable>false</enable>
<logLevel>info</logLevel>
 </logging>
 </loadBalancer>
 <gslb>
<version>1</version>
<enabled>false</enabled>
 <logging>
<enable>false</enable>
<logLevel>info</logLevel>
 </logging>
 </gslb>
 <ipsec>
<version>1</version>
<enabled>false</enabled>
 <logging>
<enable>false</enable>
<logLevel>info</logLevel>
 </logging>
<sites />
 <global>
<psk>******</psk>
<caCertificates />
<crlCertificates />
 </global>
 </ipsec>
 <dhcp>
<version>4</version>
<enabled>false</enabled>
<staticBindings />
<ipPools />
 <logging>
<enable>false</enable>
<logLevel>info</logLevel>
 </logging>
 </dhcp>
 <bridges>
<version>4</version>
<enabled>false</enabled>
 </bridges>
 <nat>
<version>4</version>
<enabled>true</enabled>
<natRules />
 </nat>
<featureConfig />
<featureConfig />
 </features>
 <autoConfiguration>
<enabled>true</enabled>
<rulePriority>high</rulePriority>
 </autoConfiguration>
<type>gatewayServices</type>
<hypervisorAssist>false</hypervisorAssist>
<edgeAssistId>0</edgeAssistId>
 <queryDaemon>
<enabled>false</enabled>
<port>5666</port>
 </queryDaemon>
 </edge>