<edge>
<id>edge-13</id>
<version>19</version>
<status>deployed</status>
<datacenterMoid>datacenter-2</datacenterMoid>
<datacenterName>Home Lab</datacenterName>
<tenant>default</tenant>
<name>POD01-PROD-DLR</name>
<fqdn>POD01-PROD-DLR</fqdn>
<enableAesni>true</enableAesni>
<enableFips>false</enableFips>
<vseLogLevel>info</vseLogLevel>
 <appliances>
<applianceSize>compact</applianceSize>
 <appliance>
<highAvailabilityIndex>0</highAvailabilityIndex>
<vcUuid>5038f7fe-dac7-e048-1791-0f7b82f284d8</vcUuid>
<vmId>vm-7373</vmId>
<resourcePoolId>domain-c9</resourcePoolId>
<resourcePoolName>Lab</resourcePoolName>
<datastoreId>datastore-6716</datastoreId>
<datastoreName>NAS2-Lab</datastoreName>
<hostId>host-6562</hostId>
<hostName>esx1.glacier.local</hostName>
<vmFolderId>group-v6523</vmFolderId>
<vmFolderName>NSX</vmFolderName>
<vmHostname>POD01-PROD-DLR-0</vmHostname>
<vmName>POD01-PROD-DLR-0</vmName>
<deployed>true</deployed>
<edgeId>edge-13</edgeId>
 </appliance>
<deployAppliances>true</deployAppliances>
 </appliances>
 <cliSettings>
<remoteAccess>false</remoteAccess>
<userName>admin</userName>
<sshLoginBannerText>*************************************************************************** NOTICE TO USERS This computer system is the private property of its owner, whether individual, corporate or government. It is for authorized use only. Users (authorized or unauthorized) have no explicit or implicit expectation of privacy. Any or all uses of this system and all files on this system may be intercepted, monitored, recorded, copied, audited, inspected, and disclosed to your employer, to authorized site, government, and law enforcement personnel, as well as authorized officials of government agencies, both domestic and foreign. By using this system, the user consents to such interception, monitoring, recording, copying, auditing, inspection, and disclosure at the discretion of such personnel or officials. Unauthorized or improper use of this system may result in civil and criminal penalties and administrative or disciplinary action, as appropriate. By continuing to use this system you indicate your awareness of and consent to these terms and conditions of use. LOG OFF IMMEDIATELY if you do not agree to the conditions stated in this warning. ****************************************************************************</sshLoginBannerText>
<passwordExpiry>99999</passwordExpiry>
 </cliSettings>
 <features>
 <syslog>
<version>1</version>
<enabled>false</enabled>
 </syslog>
<featureConfig />
 <firewall>
<version>6</version>
<enabled>false</enabled>
 <globalConfig>
<tcpPickOngoingConnections>false</tcpPickOngoingConnections>
<tcpAllowOutOfWindowPackets>false</tcpAllowOutOfWindowPackets>
<tcpSendResetForClosedVsePorts>true</tcpSendResetForClosedVsePorts>
<dropInvalidTraffic>true</dropInvalidTraffic>
<logInvalidTraffic>false</logInvalidTraffic>
<tcpTimeoutOpen>30</tcpTimeoutOpen>
<tcpTimeoutEstablished>3600</tcpTimeoutEstablished>
<tcpTimeoutClose>30</tcpTimeoutClose>
<udpTimeout>60</udpTimeout>
<icmpTimeout>10</icmpTimeout>
<icmp6Timeout>10</icmp6Timeout>
<ipGenericTimeout>120</ipGenericTimeout>
 </globalConfig>
 <defaultPolicy>
<action>deny</action>
<loggingEnabled>false</loggingEnabled>
 </defaultPolicy>
 <firewallRules>
 <firewallRule>
<id>131076</id>
<ruleTag>131076</ruleTag>
<name>routing</name>
<ruleType>internal_high</ruleType>
<enabled>true</enabled>
<loggingEnabled>false</loggingEnabled>
<description>routing</description>
<action>accept</action>
<application>
 <service>
<protocol>ospf</protocol>
<port>any</port>
<sourcePort>any</sourcePort>
 </service>
</application>
 </firewallRule>
 <firewallRule>
<id>131075</id>
<ruleTag>131075</ruleTag>
<name>ICMP</name>
<ruleType>user</ruleType>
<enabled>true</enabled>
<loggingEnabled>false</loggingEnabled>
<description />
<matchTranslated>false</matchTranslated>
<action>accept</action>
<application>
 <service>
<protocol>icmp</protocol>
<icmpType>any</icmpType>
 </service>
</application>
 </firewallRule>
 <firewallRule>
<id>131073</id>
<ruleTag>131073</ruleTag>
<name>default rule for ingress traffic</name>
<ruleType>default_policy</ruleType>
<enabled>true</enabled>
<loggingEnabled>false</loggingEnabled>
<description>default rule for ingress traffic</description>
<action>deny</action>
 </firewallRule>
 </firewallRules>
 </firewall>
 <routing>
<version>6</version>
<enabled>true</enabled>
 <routingGlobalConfig>
<routerId>192.168.99.2</routerId>
<ecmp>false</ecmp>
 <logging>
<enable>true</enable>
<logLevel>warning</logLevel>
 </logging>
 </routingGlobalConfig>
 <staticRouting>
 <defaultRoute>
<vnic>2</vnic>
<mtu>1500</mtu>
<description />
<gatewayAddress>192.168.99.1</gatewayAddress>
 </defaultRoute>
<staticRoutes />
 </staticRouting>
 <ospf>
<enabled>true</enabled>
<protocolAddress>192.168.99.3</protocolAddress>
<forwardingAddress>192.168.99.2</forwardingAddress>
<ospfAreas>
 <ospfArea>
<areaId>51</areaId>
<type>normal</type>
<authentication>
<type>none</type>
</authentication>
 </ospfArea>
</ospfAreas>
<ospfInterfaces>
 <ospfInterface>
<vnic>2</vnic>
<areaId>51</areaId>
<helloInterval>10</helloInterval>
<deadInterval>40</deadInterval>
<priority>128</priority>
<cost>1</cost>
<mtuIgnore>false</mtuIgnore>
 </ospfInterface>
</ospfInterfaces>
 <redistribution>
<enabled>true</enabled>
<rules>
 <rule>
<id>0</id>
 <from>
<isis>false</isis>
<ospf>false</ospf>
<bgp>false</bgp>
<static>false</static>
<connected>true</connected>
 </from>
<action>permit</action>
 </rule>
</rules>
 </redistribution>
<gracefulRestart>true</gracefulRestart>
<defaultOriginate>false</defaultOriginate>
 </ospf>
 </routing>
 <bridges>
<version>2</version>
<enabled>false</enabled>
 </bridges>
 <highAvailability>
<version>2</version>
<enabled>false</enabled>
<declareDeadTime>15</declareDeadTime>
 <logging>
<enable>false</enable>
<logLevel>info</logLevel>
 </logging>
<security>
<enabled>false</enabled>
</security>
 </highAvailability>
 </features>
 <autoConfiguration>
<enabled>true</enabled>
<rulePriority>high</rulePriority>
 </autoConfiguration>
<type>distributedRouter</type>
 <mgmtInterface>
<label>vNic_0</label>
<name>mgmtInterface</name>
<addressGroups />
<mtu>1500</mtu>
<index>0</index>
<connectedToId>dvportgroup-6720</connectedToId>
<connectedToName>VLAN20-Lab</connectedToName>
 </mgmtInterface>
 <interfaces>
 <interface>
<label>null/vNic_1</label>
<name>vnic1</name>
<addressGroups />
<mtu>1500</mtu>
<type>internal</type>
<isConnected>false</isConnected>
<index>1</index>
 </interface>
 <interface>
<label>75649ae800000002/vNic_2</label>
<name>Uplink-Transit</name>
<addressGroups>
 <addressGroup>
<primaryAddress>192.168.99.2</primaryAddress>
<subnetMask>255.255.255.248</subnetMask>
<subnetPrefixLength>29</subnetPrefixLength>
 </addressGroup>
</addressGroups>
<mtu>1500</mtu>
<type>uplink</type>
<isConnected>true</isConnected>
<index>2</index>
<connectedToId>virtualwire-22</connectedToId>
<connectedToName>POD01-PROD-TRANSIT</connectedToName>
 </interface>
 <interface>
<label>null/vNic_3</label>
<name>vnic3</name>
<addressGroups />
<mtu>1500</mtu>
<type>internal</type>
<isConnected>false</isConnected>
<index>3</index>
 </interface>
 <interface>
<label>null/vNic_4</label>
<name>vnic4</name>
<addressGroups />
<mtu>1500</mtu>
<type>internal</type>
<isConnected>false</isConnected>
<index>4</index>
 </interface>
 <interface>
<label>null/vNic_5</label>
<name>vnic5</name>
<addressGroups />
<mtu>1500</mtu>
<type>internal</type>
<isConnected>false</isConnected>
<index>5</index>
 </interface>
 <interface>
<label>null/vNic_6</label>
<name>vnic6</name>
<addressGroups />
<mtu>1500</mtu>
<type>internal</type>
<isConnected>false</isConnected>
<index>6</index>
 </interface>
 <interface>
<label>null/vNic_7</label>
<name>vnic7</name>
<addressGroups />
<mtu>1500</mtu>
<type>internal</type>
<isConnected>false</isConnected>
<index>7</index>
 </interface>
 <interface>
<label>null/vNic_8</label>
<name>vnic8</name>
<addressGroups />
<mtu>1500</mtu>
<type>internal</type>
<isConnected>false</isConnected>
<index>8</index>
 </interface>
 <interface>
<label>null/vNic_9</label>
<name>vnic9</name>
<addressGroups />
<mtu>1500</mtu>
<type>internal</type>
<isConnected>false</isConnected>
<index>9</index>
 </interface>
 <interface>
<label>75649ae80000000a</label>
<name>Internal-Web</name>
<addressGroups>
 <addressGroup>
<primaryAddress>192.168.10.1</primaryAddress>
<subnetMask>255.255.255.0</subnetMask>
<subnetPrefixLength>24</subnetPrefixLength>
 </addressGroup>
</addressGroups>
<mtu>1500</mtu>
<type>internal</type>
<isConnected>true</isConnected>
<index>10</index>
<connectedToId>virtualwire-21</connectedToId>
<connectedToName>POD01-PROD-WEB</connectedToName>
 </interface>
 <interface>
<label>75649ae80000000b</label>
<name>Internal-App</name>
<addressGroups>
 <addressGroup>
<primaryAddress>192.168.20.1</primaryAddress>
<subnetMask>255.255.255.0</subnetMask>
<subnetPrefixLength>24</subnetPrefixLength>
 </addressGroup>
</addressGroups>
<mtu>1500</mtu>
<type>internal</type>
<isConnected>true</isConnected>
<index>11</index>
<connectedToId>virtualwire-19</connectedToId>
<connectedToName>POD01-PROD-APP</connectedToName>
 </interface>
 <interface>
<label>75649ae80000000c</label>
<name>Internal-DB</name>
<addressGroups>
 <addressGroup>
<primaryAddress>192.168.30.1</primaryAddress>
<subnetMask>255.255.255.0</subnetMask>
<subnetPrefixLength>24</subnetPrefixLength>
 </addressGroup>
</addressGroups>
<mtu>1500</mtu>
<type>internal</type>
<isConnected>true</isConnected>
<index>12</index>
<connectedToId>virtualwire-20</connectedToId>
<connectedToName>POD01-PROD-DB</connectedToName>
 </interface>
 </interfaces>
<edgeAssistId>1969527528</edgeAssistId>
<lrouterUuid>ecc048ff-f4e5-471b-af32-0fd6caad127e</lrouterUuid>
 <queryDaemon>
<enabled>false</enabled>
<port>5666</port>
 </queryDaemon>
 </edge>