<routing>
<enabled>true</enabled>
<routingGlobalConfig>
<routerId>$($config.edge.uplink.ip)</routerId>
<logging>
<enable>true</enable>
<logLevel>warning</logLevel>
</logging>
</routingGlobalConfig>
<staticRouting>
<defaultRoute>
<vnic>1</vnic>
<mtu>1500</mtu>
<gatewayAddress>$($config.edge.uplink.gateway)</gatewayAddress>
</defaultRoute>
</staticRouting>
<ospf>
<enabled>$($config.edge.ospf.enabled)</enabled>
<ospfAreas>
<ospfArea>
<areaId>$($config.edge.ospf.area)</areaId>
<type>$($config.edge.ospf.type)</type>
</ospfArea>
<ospfArea>
<areaId>0</areaId>
<type>normal</type>
</ospfArea>
</ospfAreas>
<ospfInterfaces>
<ospfInterface>
<vnic>0</vnic>
<areaId>$($config.edge.ospf.area)</areaId>
<helloInterval>10</helloInterval>
<deadInterval>40</deadInterval>
<priority>128</priority>
<cost>1</cost>
<mtuIgnore>false</mtuIgnore>
</ospfInterface>
</ospfInterfaces>
<redistribution>
<enabled>false</enabled>
<rules />
</redistribution>
<gracefulRestart>true</gracefulRestart>
<defaultOriginate>false</defaultOriginate>
</ospf>
</routing>