{
	"edge" : {
		"firewall" : "disabled",
		"ha" : "false",
		"management" : {
			"iface" : "VLAN20-Lab",
			"ip" : ""
		},
		"name" : "Prod-ESG",
		"ospf" : {
			"area" : "51",
			"enabled" : "true",
			"type" : "normal",
			"internal" : "true",
			"uplink" : "false"
		},
		"cli" : {
			"enabled" : "true",
			"user" : "admin",
			"pass" : "HardPassw0rd!",
			"expiredays" : "99999"
		},
		"tenant" : "",
		"uplink" : {
			"gateway" : "172.16.20.1",
			"iface" : "VLAN20-Lab",
			"ip" : "172.16.20.254",
			"mask" : "255.255.255.0",
			"name" : "Uplink-Edge"
		}
	},
	"router" : {
		"firewall" : "disabled",
		"ha" : "false",
		"management" : {
			"iface" : "VLAN20-Lab",
			"ip" : ""
		},
		"name" : "Prod-DLR",
		"ospf" : {
			"area" : "51",
			"enabled" : "true",
			"type" : "normal"
		},
		"cli" : {
			"enabled" : "true",
			"user" : "admin",
			"pass" : "HardPassw0rd!",
			"expiredays" : "99999"
		},
		"tenant" : ""
	},
	"switches" : [{
			"ip" : "192.168.10.1",
			"mask" : "255.255.255.0",
			"name" : "Prod-Web"
		}, {
			"ip" : "192.168.20.1",
			"mask" : "255.255.255.0",
			"name" : "Prod-App"
		}, {
			"ip" : "192.168.30.1",
			"mask" : "255.255.255.0",
			"name" : "Prod-DB"
		}
	],
	"transit" : {
		"edgeip" : "192.168.99.1",
		"mask" : "255.255.255.248",
		"name" : "Prod-Transit",
		"protoip" : "192.168.99.3",
		"routerip" : "192.168.99.2"
	},
	"vsphere" : {
		"cluster" : "Lab",
		"datacenter" : "Home Lab",
		"datastore" : "NAS2-Lab",
		"folder" : "NSX"
	}
}